{"max_depth": 6, "colsample_bytree": 0.3701978983307309, "min_sample_weight": 1.0442146944938344, "gamma": 0.0008731401853192552, "subsample": 0.8202456221234389, "alpha": 0.002935864364395358, "eta": 0.07717846862118066, "lambda": 0.05925733197263172}